Date,SP500,ChangeSP500,Dow,ChangeDow,Nasdaq,ChangeNasdaq,Bitcoin,ChangeBitcoin
10/22/22,3713.23,0.035589382,30809.72,0.072556066,10726.23,0.014241245,19141.8,-0.014585745
9/30/22,3585.62,-0.093395702,28725.51,-0.088380895,10575.62,-0.10498976,19425.13,-0.038201347
8/31/22,3955,-0.042440119,31510.43,-0.040636161,11816.2,-0.04636465,20196.67,-0.151659912
7/31/22,4130.29,0.091116348,32845.13,0.0672517,12390.69,0.123490988,23807.28,0.2709892
6/30/22,3785.38,-0.083919993,30775.43,-0.067131917,11028.74,-0.087129875,18731.3,-0.410748238
5/31/22,4132.15,5.32439E-05,32990.12,0.000391482,12081.39,-0.020531609,31788.28,-0.170770086
4/30/22,4131.93,-0.087956719,32977.21,-0.049054814,12334.64,-0.13261681,38334.7,-0.162404916
3/31/22,4530.41,0.035773239,34678.35,0.023183527,14220.52,0.034114345,45767.58,0.098730356
2/28/22,4373.94,-0.031360521,33892.6,-0.035274534,13751.4,-0.03430366,41654.97,0.083696951
1/31/22,4515.55,-0.052585089,35131.86,-0.033200232,14239.88,-0.089810974,38437.84,-0.170412001
12/31/21,4766.18,0.043612875,36338.3,0.053781321,15644.97,0.006904501,46333.65,-0.189101706
11/30/21,4567,-0.008333731,34483.72,-0.03729359,15537.69,0.002535747,57138.67,-0.062931502
10/31/21,4605.38,0.069143873,35819.56,0.058375035,15498.39,0.072658351,60975.98,0.403800734
9/30/21,4307.54,-0.04756914,33843.92,-0.042895325,14448.58,-0.053125844,43436.35,-0.075990038
8/31/21,4522.68,0.028990321,35360.73,0.012172729,15259.24,0.039976337,47008.53,0.131638927
7/31/21,4395.26,0.022748109,34935.47,0.012548652,14672.68,0.011633383,41540.22,0.201105103
6/30/21,4297.5,0.022213976,34502.51,-0.000780204,14503.95,0.054929397,34585,-0.057395446
5/31/21,4204.11,0.005486503,34529.45,0.019324071,13748.74,-0.015322273,36690.89,-0.354197806
4/30/21,4181.17,0.052425313,33874.85,0.02708484,13962.68,0.054036161,56814.44,-0.036393364
3/31/21,3972.89,0.042438634,32981.55,0.066247106,13246.87,0.004132698,58960.2,0.303038527
2/28/21,3811.15,0.026091475,30932.37,0.031676685,13192.35,0.009307848,45248.24,0.387929178
1/31/21,3714.24,-0.01113664,29982.62,-0.020383265,13070.69,0.014153169,32601.26,0.124325603
12/31/20,3756.07,0.037121407,30606.48,0.03265467,12888.28,0.05652551,28996.28,0.496303398
11/30/20,3621.63,0.107545658,29638.64,0.118371721,12198.74,0.117961727,19378.61,0.399167515
10/31/20,3269.96,-0.027665775,26501.6,-0.046077094,10911.59,-0.022916478,13850.1,0.293561659
9/30/20,3363,-0.039227954,27781.7,-0.022805095,11167.51,-0.051628556,10706.95,-0.083199185
8/31/20,3500.31,0.070064687,28430.05,0.075741856,11775.46,0.095873812,11678.6,0.029347863
7/31/20,3271.12,0.055101297,26428.32,0.023842361,10745.27,0.068248901,11345.63,0.240354036
6/30/20,3100.29,0.018388403,25812.88,0.016931337,10058.77,0.059948134,9147.09,-0.03769339
5/31/20,3044.31,0.045281775,25383.11,0.042610775,9489.87,0.067530977,9505.38,0.076906519
4/30/20,2912.43,0.126844103,24345.72,0.110806327,8889.55,0.15447202,8826.56,0.361835538
3/31/20,2584.59,-0.125119321,21917.16,-0.137437543,7700.1,-0.101229432,6481.37,-0.249264481
2/29/20,2954.22,-0.084110469,25409.36,-0.100745575,8567.37,-0.063771591,8633.36,-0.077069452
1/31/20,3225.52,-0.00162809,28256.03,-0.009895776,9150.94,0.019876067,9354.29,0.306780828
12/31/19,3230.78,0.028589803,28538.44,0.017362051,8972.6,0.035442971,7158.27,-0.071601252
11/30/19,3140.98,0.034047064,28051.41,0.037165254,8665.47,0.044994429,7710.34,-0.160954663
10/31/19,3037.56,0.020431747,27046.23,0.004807401,8292.36,0.036630522,9189.42,0.115099079
9/30/19,2976.74,0.017181168,26916.83,0.019450235,7999.34,0.004578745,8240.9,-0.143907552
8/31/19,2926.46,-0.018091653,26403.28,-0.017159967,7962.88,-0.025997441,9626.18,-0.039936728
7/31/19,2980.38,0.013128195,26864.27,0.009936481,8175.42,0.021131018,10026.61,-0.11993087
6/30/19,2941.76,0.068930183,26599.96,0.071928959,8006.24,0.074208892,11392.98,0.339817814
5/31/19,2752.06,-0.065777726,24815.04,-0.066855038,7453.15,-0.079334041,8503.38,0.623442353
4/30/19,2945.83,0.039313435,26592.91,0.025617579,8095.39,0.047361217,5237.87,0.279723526
3/31/19,2834.4,0.017924288,25928.68,0.000489273,7729.32,0.026125352,4092.97,0.076380725
2/28/19,2784.49,0.02972893,25916,0.036653684,7532.53,0.034440944,3802.53,0.112814014
1/31/19,2704.1,0.078684405,24999.67,0.071684187,7281.74,0.09742769,3417.04,-0.069985684
12/31/18,2506.85,-0.091776956,23327.46,-0.086575306,6635.28,-0.094844309,3674.18,-0.065184537
11/30/18,2760.17,0.017859382,25538.46,0.01683007,7330.54,0.003372617,3930.38,-0.376367733
10/31/18,2711.74,-0.069403359,25115.76,-0.050742092,7305.9,-0.092023091,6302.4,-0.039458644
9/30/18,2913.98,0.004294301,26458.31,0.019006101,8046.35,-0.007792057,6561.3,-0.068605741
8/31/18,2901.52,0.030263219,25964.82,0.021626043,8109.54,0.057059695,7044.6,-0.083859272
7/31/18,2816.29,0.036021586,25415.19,0.04712458,7671.79,0.02150247,7689.43,0.303372748
6/30/18,2718.37,0.0048424,24271.41,-0.005915422,7510.3,0.009161368,5899.64,-0.217375847
5/31/18,2705.27,0.021608353,24415.84,0.01045766,7442.12,0.053189306,7538.28,-0.187045844
4/30/18,2648.05,0.002718801,24163.15,0.002490965,7066.27,0.000399238,9272.7,0.353182994
3/31/18,2640.87,-0.026884514,24103.11,-0.037000384,7063.45,-0.02881338,6852.51,-0.34973458
2/28/18,2713.83,-0.03894738,25029.2,-0.042838093,7273.01,-0.018683178,10538.02,0.057788806
1/31/18,2823.81,0.056178725,26149.39,0.057856599,7411.48,0.073600072,9962.31,-0.290588376
12/31/17,2673.61,0.00983162,24719.22,0.018410661,6903.39,0.004279914,14043.06,0.726411163
11/30/17,2647.58,0.028082601,24272.35,0.038289807,6873.97,0.021746013,8134.25,0.275470603
10/31/17,2575.26,0.022188175,23377.24,0.043389694,6727.67,0.035669862,6377.45,0.528906203
9/30/17,2519.36,0.019302895,22405.09,0.020821392,6495.96,0.010468745,4171.25,-0.120247438
8/31/17,2471.65,0.000546492,21948.1,0.002602882,6428.66,0.012687221,4741.39,0.642489201
7/31/17,2470.3,0.019348769,21891.12,0.025362969,6348.12,0.033825048,2886.71,0.15353047
6/30/17,2423.41,0.004813832,21349.63,0.016230457,6140.42,-0.009373205,2502.5,0.094659026
5/31/17,2411.8,0.01157621,21008.65,0.00325398,6198.52,0.024953659,2286.1,0.685877156
4/30/17,2384.2,0.009091217,20940.51,0.013419496,6047.61,0.022983081,1356.03,0.26178712
3/31/17,2362.72,-0.00038923,20663.22,-0.00716021,5911.74,0.014814332,1074.69,-0.098943573
2/28/17,2363.64,0.037198261,20812.24,0.047731862,5825.44,0.037516986,1192.7,0.240212543
1/31/17,2278.87,0.017884341,19864.09,0.005135458,5614.79,0.04303638,961.69,0.01016796
12/31/16,2238.83,0.018200754,19762.6,0.033415291,5383.12,0.011165209,952.01,0.280857304
11/30/16,2198.81,0.034174447,19123.58,0.054080988,5323.68,0.025927225,743.26,0.058518592
10/31/16,2126.15,-0.019425625,18142.42,-0.009052253,5189.14,-0.023128765,702.17,0.15871549
9/30/16,2168.27,-0.001234483,18308.15,-0.005039433,5312,0.018947982,605.99,0.058664244
8/31/16,2170.95,-0.001219176,18400.88,-0.001701367,5213.22,0.009897077,572.41,-0.094287975
7/31/16,2173.6,0.035609807,18432.24,0.028011728,5162.13,0.065967741,632,-0.05000977
6/30/16,2098.86,0.000906074,17929.99,0.008027683,4842.67,-0.021299257,665.27,0.275098708
5/31/16,2096.96,0.015329492,17787.2,0.000762928,4948.06,0.036164813,521.74,0.146303416
4/30/16,2065.3,0.00269937,17773.64,0.005007043,4775.36,-0.019403062,455.15,0.091879573
3/31/16,2059.74,0.065991109,17685.09,0.070752883,4869.85,0.068429886,416.85,-0.039316909
2/29/16,1932.23,-0.004128355,16516.5,0.003048651,4557.95,-0.012137106,433.91,0.150070238
1/31/16,1940.24,-0.050735344,16466.3,-0.055020278,4613.95,-0.078575551,377.29,-0.12688605
12/31/15,2043.94,-0.017530198,17425.03,-0.016641723,5007.41,-0.019821206,432.12,0.146754419
11/30/15,2080.41,0.000504963,17719.92,0.003191886,5108.67,0.010867178,376.82,0.165795254
10/31/15,2079.36,0.082983078,17663.54,0.084670887,5053.75,0.093845032,323.23,0.363897211
9/30/15,1920.03,-0.02644282,16284.7,-0.014722263,4620.17,-0.032731011,236.99,0.028557788
8/31/15,1972.18,-0.062580805,16528.03,-0.065677739,4776.51,-0.068594149,230.41,-0.190663529
7/31/15,2103.84,0.01974204,17689.86,0.003992733,5128.28,0.028356464,284.69,0.090891673
6/30/15,2063.11,-0.021011773,17619.51,-0.02171878,4986.87,-0.01640227,260.97,0.12593839
5/31/15,2107.39,0.010491439,18010.68,0.009537839,5070.03,0.026026932,231.78,-0.02028912
4/30/15,2085.51,0.008520763,17840.52,0.003622838,4941.42,0.008269926,236.58,-0.030965839
3/31/15,2067.89,-0.017396056,17776.12,-0.019665025,4900.89,-0.012620051,244.14,-0.042099894
2/28/15,2104.5,0.054892506,18132.7,0.056379424,4963.53,0.070824812,254.87,0.109722646
1/31/15,1994.99,-0.031040847,17164.95,-0.036925176,4635.24,-0.021285671,229.67,-0.276310814
12/31/14,2058.9,-0.004188512,17823.07,-0.000289989,4736.05,-0.011599393,317.36,-0.155418352
11/30/14,2067.56,0.024533584,17828.24,0.025170035,4791.63,0.034743907,375.76,0.097494013
10/31/14,2018.05,0.023201456,17390.52,0.020396763,4630.74,0.030567122,342.38,-0.121381646
9/30/14,1972.29,-0.015513859,17042.9,-0.003248832,4493.39,-0.018968314,389.68,-0.187658954
8/31/14,2003.37,0.037655322,17098.45,0.032309383,4580.27,0.048171872,479.7,-0.181901903
7/31/14,1930.67,-0.015079863,16563.3,-0.015647843,4369.77,-0.008713347,586.36,-0.09368286
6/30/14,1960.23,0.019058313,16826.6,0.006545964,4408.18,0.039023057,646.97,0.053834376
5/31/14,1923.57,0.021030282,16717.17,0.008222141,4242.62,0.03112362,613.92,0.369653972
4/30/14,1883.95,0.006200797,16580.84,0.007484661,4114.56,-0.020107216,448.23,-0.037616747
3/31/14,1872.34,0.006932157,16457.66,0.008329397,4198.99,-0.025331235,465.75,-0.178441022
2/28/14,1859.45,0.043117038,16321.71,0.039675518,4308.12,0.049767537,566.91,-0.297239336
1/31/14,1782.59,-0.035582895,15698.85,-0.052954576,4103.88,-0.017408939,806.69,0.080065338
12/31/13,1848.36,0.023562833,16576.66,0.030476035,4176.59,0.028744621,746.89,-0.343104661
11/30/13,1805.81,0.028049461,16086.41,0.034778637,4059.89,0.03576285,1137,4.510322768
10/31/13,1756.54,0.04459576,15545.75,0.02750093,3919.71,0.039302873,206.34,0.623573845
9/30/13,1681.55,0.029749475,15129.67,0.021563357,3771.48,0.050589576,127.09,0.008490716
8/31/13,1632.97,-0.031298013,14810.31,-0.044467771,3589.87,-0.010065162,126.02,0.295835476
7/31/13,1685.73,0.049462111,15499.54,0.039567795,3626.37,0.065560861,97.25,0.002680689
6/30/13,1606.28,-0.014999325,14909.6,-0.013626347,3403.25,-0.015237665,96.99,-0.2375
5/31/13,1630.74,0.020762783,15115.57,0.018583135,3455.91,0.03818805,127.2,-0.048971963
4/30/13,1597.57,0.018085764,14839.8,0.017920862,3328.79,0.018751224,133.75,0.477900552
3/31/13,1569.19,0.035987799,14578.54,0.037287016,3267.52,0.033963148,90.5,1.711204314
2/28/13,1514.68,0.011060603,14054.49,0.013990035,3160.19,0.005747693,33.38,0.635472807
1/31/13,1498.11,0.050428064,13860.58,0.057725269,3142.13,0.040609238,20.41,0.510732791
12/31/12,1426.19,0.007068311,13104.14,0.006031209,3019.51,0.003079489,13.51,0.074781225
11/30/12,1416.18,0.002846703,13025.58,-0.00541215,3010.24,0.011087487,12.57,0.122321429
10/31/12,1412.16,-0.019789404,13096.46,-0.025352884,2977.23,-0.04460518,11.2,-0.096045198
9/30/12,1440.67,0.02423609,13437.13,0.026452848,3116.23,0.016061455,12.39,0.219488189
8/31/12,1406.58,0.019763362,13090.84,0.006315783,3066.97,0.043357419,10.16,0.086631016
7/31/12,1379.32,0.012597639,13008.68,0.009983626,2939.52,0.001522972,9.35,0.406015038
6/30/12,1362.16,0.039554921,12880.09,0.039265903,2935.05,0.038095878,6.65,0.283783784
5/31/12,1310.33,-0.062650671,12393.45,-0.062070756,2827.34,-0.071895639,5.18,0.046464646
4/30/12,1397.91,-0.007497497,13213.63,0.000120345,3046.36,-0.014623638,4.95,0.018518519
3/31/12,1408.47,0.031332377,13212.04,0.020071695,3091.57,0.042023803,4.86,0
2/29/12,1365.68,0.04058945,12952.07,0.025264171,2966.89,0.054391863,4.86,-0.113138686
1/31/12,1312.41,0.043574717,12632.91,0.03399615,2813.84,0.080106712,5.48,0.289411765
12/31/11,1257.61,0.008540771,12217.56,0.014269016,2605.15,-0.005796958,4.25,0.430976431
11/30/11,1246.96,-0.005058645,12045.68,0.007584268,2620.34,-0.023867442,2.97,-0.086153846
10/31/11,1253.3,0.107723038,11955.01,0.095445224,2684.41,0.111372857,3.25,-0.36770428
9/30/11,1131.42,-0.071762013,10913.38,-0.060287441,2415.4,-0.063602459,5.14,-0.373170732
8/31/11,1218.89,-0.056791098,11613.53,-0.043621801,2579.46,-0.064185635,8.2,-0.392592593
7/31/11,1292.28,-0.021474437,12143.24,-0.021837649,2756.38,-0.006179873,13.5,-0.161490683
6/30/11,1320.64,-0.018257508,12414.34,-0.012366953,2773.52,-0.021789581,16.1,0.842105263
5/31/11,1345.2,-0.013500928,12569.79,-0.018793119,2835.3,-0.013307628,8.74,2.034722222
4/30/11,1363.61,0.028495358,12810.54,0.039839347,2873.54,0.033249792,2.88,2.692307692
3/31/11,1325.83,-0.001047302,12319.73,0.007638427,2781.07,-0.000431302,0.78,-0.093023256
2/28/11,1327.22,0.031956583,12226.34,0.028120751,2782.27,0.030439839,0.86,0.653846154
1/31/11,1286.12,0.02264559,11891.93,0.027157826,2700.08,0.017795821,0.52,0.733333333
12/31/10,1257.64,0.065300072,11577.51,0.051925219,2652.87,0.061899825,0.3,0.428571429
11/30/10,1180.55,-0.002290283,11006.02,-0.010115582,2498.23,-0.003661148,0.21,0.105263158
10/31/10,1183.26,0.036855941,11118.49,0.030630188,2507.41,0.0585953,0.19,2.166666667
9/30/10,1141.2,0.087551104,10788.05,0.077219333,2368.62,0.120428755,0.06,0
8/31/10,1049.33,-0.047449165,10014.72,-0.043113184,2114.03,-0.062389675,0.06,0
7/31/10,1101.6,0.068777833,10465.94,0.070791752,2254.7,0.068963228,0.06,0
6/30/10,1030.71,-0.053882377,9774.02,-0.035772244,2109.24,-0.065483997,,0
5/31/10,1089.41,-0.081975916,10136.63,-0.07920891,2257.04,-0.08294768,,0
4/30/10,1186.69,0.014759327,11008.61,0.013998819,2461.19,0.026368246,,0
3/31/10,1169.43,0.058796368,10856.63,0.051463111,2397.96,0.071350067,,0
2/28/10,1104.49,0.028513693,10325.26,0.025620497,2238.26,0.042335902,,#DIV/0!
1/31/10,1073.87,-0.036974262,10067.33,-0.034591319,2147.35,-0.053676487,,#DIV/0!
12/31/09,1115.1,0.017770598,10428.05,0.008043624,2269.15,0.058076098,,#DIV/0!
11/30/09,1095.63,0.057353793,10344.84,0.06508057,2144.6,0.04864775,,#DIV/0!
10/31/09,1036.2,-0.019752526,9712.73,4.63331E-05,2045.11,-0.036425401,,#DIV/0!
9/30/09,1057.08,0.035713236,9712.28,0.022745749,2122.42,0.056424397,,#DIV/0!
8/31/09,1020.63,0.0335703,9496.28,0.035399455,2009.06,0.015446045,,#DIV/0!
7/31/09,987.48,0.074141757,9171.61,0.085783118,1978.5,0.078178132,,#DIV/0!
6/30/09,919.32,0.000195835,8447,-0.006273874,1835.04,0.034215732,,#DIV/0!
5/31/09,919.14,0.053081427,8500.33,0.040671538,1774.33,0.033209107,,#DIV/0!
4/30/09,872.81,0.093925076,8168.12,0.07349269,1717.3,0.12345364,,#DIV/0!
3/31/09,797.87,0.085404508,7608.92,0.077303612,1528.59,0.109410381,,#DIV/0!
2/28/09,735.09,-0.109931225,7062.93,-0.117228648,1377.84,-0.066769618,,#DIV/0!
1/31/09,825.88,-0.085657348,8000.86,-0.08836549,1476.42,-0.063797138,,#DIV/0!
12/31/08,903.25,0.007821566,8776.39,-0.005963276,1577.03,0.026999746,,#DIV/0!
11/30/08,896.24,-0.074849032,8829.04,-0.053187074,1535.57,-0.107719573,,#DIV/0!
10/31/08,968.75,-0.169424534,9325.01,-0.14060435,1720.95,-0.177318967,,#DIV/0!
9/30/08,1166.36,-0.090791453,10850.66,-0.060023996,2091.88,-0.116425627,,#DIV/0!
8/31/08,1282.83,0.012190503,11543.55,0.014548225,2367.52,0.018047344,,#DIV/0!
7/31/08,1267.38,-0.009859375,11378.02,0.002467839,2325.55,0.014204223,,#DIV/0!
6/30/08,1280,-0.085962382,11350.01,-0.101936808,2292.98,-0.091046752,,#DIV/0!
5/31/08,1400.38,0.010674153,12638.32,-0.014181603,2522.66,0.045532162,,#DIV/0!
4/30/08,1385.59,0.047546685,12820.13,0.045441164,2412.8,0.058663508,,#DIV/0!
3/31/08,1322.7,-0.005959583,12262.89,-0.000285333,2279.1,0.003354641,,#DIV/0!
2/29/08,1330.63,-0.034761162,12266.39,-0.030352496,2271.48,-0.049534282,,#DIV/0!
1/31/08,1378.55,-0.061163475,12650.36,-0.046322528,2389.86,-0.098941288,,#DIV/0!
12/31/07,1468.36,-0.008628489,13264.82,-0.007994484,2652.28,-0.003261981,,#DIV/0!
11/30/07,1481.14,-0.044043424,13371.72,-0.04007822,2660.96,-0.069308039,,#DIV/0!
10/31/07,1549.38,0.014822335,13930.01,0.002474159,2859.12,0.058345364,,#DIV/0!
9/30/07,1526.75,0.035794001,13895.63,0.040268039,2701.5,0.040495155,,#DIV/0!
8/31/07,1473.99,0.012856632,13357.74,0.011031646,2596.36,0.019952309,,#DIV/0!
7/31/07,1455.28,-0.031975255,13211.99,-0.014664447,2545.57,-0.022149407,,#DIV/0!
6/30/07,1503.35,-0.01781631,13408.62,-0.016071748,2603.23,-0.000495293,,#DIV/0!
5/31/07,1530.62,0.032549229,13627.64,0.043231562,2604.52,0.031456305,,#DIV/0!
4/30/07,1482.37,0.043290683,13062.91,0.057353078,2525.09,0.042718984,,#DIV/0!
3/31/07,1420.86,0.009979955,12354.35,0.006986925,2421.64,0.00227221,,#DIV/0!
2/28/07,1406.82,-0.021846145,12268.63,-0.027972482,2416.15,-0.019391785,,#DIV/0!
1/31/07,1438.24,0.014059085,12621.69,0.012720701,2463.93,0.020138368,,#DIV/0!
12/31/06,1418.3,0.012615751,12463.15,0.019736654,2415.29,-0.006776957,,#DIV/0!
11/30/06,1400.63,0.01646661,12221.93,0.011688035,2431.77,0.027489638,,#DIV/0!
10/31/06,1377.94,0.031508029,12080.73,0.034391437,2366.71,0.047944811,,#DIV/0!
9/30/06,1335.85,0.024566274,11679.07,0.026176617,2258.43,0.034198054,,#DIV/0!
8/31/06,1303.82,0.021274263,11381.15,0.017475022,2183.75,0.044122077,,#DIV/0!
7/31/06,1276.66,0.005085813,11185.68,0.003180206,2091.47,-0.037116326,,#DIV/0!
6/30/06,1270.2,8.6608E-05,11150.22,-0.001619762,2172.09,-0.00311628,,#DIV/0!
5/31/06,1270.09,-0.030916901,11168.31,-0.017491647,2178.88,-0.061866811,,#DIV/0!
4/30/06,1310.61,0.012186928,11367.14,0.023207541,2322.57,-0.007359635,,#DIV/0!
3/31/06,1294.83,0.011064607,11109.32,0.010543589,2339.79,0.025598429,,#DIV/0!
2/28/06,1280.66,0.000445281,10993.41,0.011831722,2281.39,-0.010594929,,#DIV/0!
1/31/06,1280.09,0.02547485,10864.86,0.013749475,2305.82,0.045571618,,#DIV/0!
12/31/05,1248.29,-0.000952396,10717.5,-0.008177963,2205.32,-0.012316264,,#DIV/0!
11/30/05,1249.48,0.035186121,10805.87,0.035038079,2232.82,0.053067962,,#DIV/0!
10/31/05,1207.01,-0.017740741,10440.07,-0.012170844,2120.3,-0.014588533,,#DIV/0!
9/30/05,1228.81,0.00694894,10568.7,0.0083098,2151.69,-0.000185866,,#DIV/0!
8/31/05,1220.33,-0.011222026,10481.6,-0.014971464,2152.09,-0.014985148,,#DIV/0!
7/31/05,1234.18,0.035968204,10640.91,0.035614703,2184.83,0.062164554,,#DIV/0!
6/30/05,1191.33,-0.000142677,10274.97,-0.018391246,2056.96,-0.005444295,,#DIV/0!
5/31/05,1191.5,0.029952025,10467.48,0.026977653,2068.22,0.076272995,,#DIV/0!
4/30/05,1156.85,-0.02010859,10192.51,-0.029632246,1921.65,-0.03880494,,#DIV/0!
3/31/05,1180.59,-0.019117647,10503.76,-0.024379007,1999.23,-0.025583413,,#DIV/0!
2/28/05,1203.6,0.018903384,10766.23,0.026338568,2051.72,-0.005183256,,#DIV/0!
1/31/05,1181.27,-0.025290448,10489.94,-0.027178867,2062.41,-0.051957305,,#DIV/0!
12/31/04,1211.92,0.032458128,10783.01,0.034041937,2175.44,0.037499821,,#DIV/0!
11/30/04,1173.82,0.038594939,10428.02,0.03994527,2096.81,0.061681325,,#DIV/0!
10/31/04,1130.2,0.014014248,10027.47,-0.005237955,1974.99,0.041200101,,#DIV/0!
9/30/04,1114.58,0.009363906,10080.27,-0.009204908,1896.84,0.031956912,,#DIV/0!
8/31/04,1104.24,0.002287333,10173.92,0.003373864,1838.1,-0.026099949,,#DIV/0!
7/31/04,1101.72,-0.034290523,10139.71,-0.028342731,1887.36,-0.078342994,,#DIV/0!
6/30/04,1140.84,0.017989078,10435.48,0.024246083,2047.79,0.030728731,,#DIV/0!
5/31/04,1120.68,0.012074306,10188.45,-0.003630115,1986.74,0.034679582,,#DIV/0!
4/30/04,1107.31,-0.01678195,10225.57,-0.012756693,1920.15,-0.037142341,,#DIV/0!
3/31/04,1126.21,-0.016358936,10357.7,-0.021373933,1994.22,-0.017538501,,#DIV/0!
2/29/04,1144.94,0.01220903,10583.92,0.009138955,2029.82,-0.017583428,,#DIV/0!
1/31/04,1131.13,0.017276423,10488.07,0.003266717,2066.15,0.031337197,,#DIV/0!
12/31/03,1111.92,0.050765451,10453.92,0.068639177,2003.37,0.021991981,,#DIV/0!
11/30/03,1058.2,0.007128513,9782.46,-0.001903864,1960.26,0.014517056,,#DIV/0!
10/31/03,1050.71,0.054961495,9801.12,0.056717692,1932.21,0.081295399,,#DIV/0!
9/30/03,995.97,-0.011944326,9275.06,-0.014949309,1786.94,-0.012985722,,#DIV/0!
8/31/03,1008.01,0.017873191,9415.82,0.019712361,1810.45,0.043475003,,#DIV/0!
7/31/03,990.31,0.016223704,9233.8,0.027640271,1735.02,0.069152083,,#DIV/0!
6/30/03,974.5,0.011322243,8985.44,0.015274128,1622.8,0.016849321,,#DIV/0!
5/31/03,963.59,0.050898661,8850.26,0.043651659,1595.91,0.08987168,,#DIV/0!
4/30/03,916.92,0.081044118,8480.09,0.061055063,1464.31,0.091815355,,#DIV/0!
3/31/03,848.18,0.008357606,7992.13,0.012805598,1341.17,0.002728931,,#DIV/0!
2/28/03,841.15,-0.017003623,7891.08,-0.020205344,1337.52,0.012574664,,#DIV/0!
1/31/03,855.7,-0.027414698,8053.81,-0.034504048,1320.91,-0.010932153,,#DIV/0!
12/31/02,879.82,-0.060332582,8341.63,-0.062326258,1335.51,-0.096883918,,#DIV/0!
11/30/02,936.31,0.057069635,8896.09,0.059432919,1478.78,0.112073698,,#DIV/0!
10/31/02,885.76,0.086448827,8397.03,0.106046816,1329.75,0.134540894,,#DIV/0!
9/30/02,815.28,-0.110024343,7591.93,-0.123687886,1172.06,-0.108597939,,#DIV/0!
8/31/02,916.07,0.00488142,8663.5,-0.008365964,1314.85,-0.010095915,,#DIV/0!
7/31/02,911.62,-0.078994959,8736.59,-0.054815076,1328.26,-0.09222873,,#DIV/0!
6/30/02,989.81,-0.072464719,9243.26,-0.068712627,1463.21,-0.09439696,,#DIV/0!
5/31/02,1067.14,-0.009081455,9925.25,-0.002108339,1615.73,-0.042944386,,#DIV/0!
4/30/02,1076.92,-0.061417652,9946.22,-0.043994871,1688.23,-0.08514374,,#DIV/0!
3/31/02,1147.39,0.036738861,10403.94,0.029468253,1845.35,0.065758393,,#DIV/0!
2/28/02,1106.73,-0.0207749,10106.13,0.018763105,1731.49,-0.104724332,,#DIV/0!
1/31/02,1130.21,-0.015565117,9920,-0.010128224,1934.03,-0.00839315,,#DIV/0!
12/31/01,1148.08,0.007573829,10021.5,0.01725006,1950.4,0.010266345,,#DIV/0!
11/30/01,1139.45,0.07517598,9851.56,0.085554603,1930.58,0.142219856,,#DIV/0!
10/31/01,1059.78,0.018099026,9075.14,0.025722346,1690.2,0.127702162,,#DIV/0!
9/30/01,1040.94,-0.08172339,8847.56,-0.110775648,1498.8,-0.169837656,,#DIV/0!
8/31/01,1133.58,-0.064108386,9949.75,-0.054458838,1805.43,-0.109366444,,#DIV/0!
7/31/01,1211.23,-0.010772447,10522.81,0.001943365,2027.13,-0.06205234,,#DIV/0!
6/30/01,1224.42,-0.025003583,10502.4,-0.037531365,2161.24,0.024046548,,#DIV/0!
5/31/01,1255.82,0.005090199,10911.94,0.016485374,2110.49,-0.002717083,,#DIV/0!
4/30/01,1249.46,0.076814355,10734.97,0.086669609,2116.24,0.149967939,,#DIV/0!
3/31/01,1160.33,-0.06420472,9878.78,-0.058740691,1840.26,-0.144793037,,#DIV/0!
2/28/01,1239.94,-0.092290686,10495.28,-0.036012403,2151.83,-0.223930927,,#DIV/0!
1/31/01,1366.01,0.034636592,10887.36,0.009317827,2772.73,0.122326474,,#DIV/0!
12/31/00,1320.28,0.004053386,10786.85,0.035754031,2470.52,-0.049042892,,#DIV/0!
11/30/00,1314.95,-0.08006856,10414.49,-0.050737663,2597.93,-0.229016242,,#DIV/0!
10/31/00,1429.4,-0.004949496,10971.14,0.030065008,3369.63,-0.082549648,,#DIV/0!
9/30/00,1436.51,-0.053482948,10650.92,-0.050305392,3672.82,-0.126839184,,#DIV/0!
8/31/00,1517.68,0.060699035,11215.1,0.065873533,4206.35,0.116634236,,#DIV/0!
7/31/00,1430.83,-0.016341262,10521.98,0.00709042,3766.99,-0.050205365,,#DIV/0!
6/30/00,1454.6,0.023933549,10447.9,-0.007074472,3966.11,0.166190814,,#DIV/0!
5/31/00,1420.6,-0.021914998,10522.34,-0.019711345,3400.91,-0.119085856,,#DIV/0!
4/30/00,1452.43,-0.03079582,10733.92,-0.017213991,3860.66,-0.155739444,,#DIV/0!
3/31/00,1498.58,0.096719896,10921.93,0.078356606,4572.83,-0.026371764,,#DIV/0!
2/29/00,1366.42,-0.020108142,10128.31,-0.074240394,4696.69,0.191947416,,#DIV/0!
1/31/00,1394.46,-0.050903522,10940.54,-0.048410385,3940.35,-0.031690876,,#DIV/0!
12/31/99,1469.25,0.057843921,11497.12,0.056933335,4069.31,0.219758645,,#DIV/0!
11/30/99,1388.91,0.019061874,10877.81,0.013787679,3336.16,0.124638033,,#DIV/0!
10/31/99,1362.93,0.062539467,10729.87,0.038010208,2966.43,0.080210184,,#DIV/0!
9/30/99,1282.71,-0.028551738,10336.96,-0.045461933,2746.16,0.002485991,,#DIV/0!
8/31/99,1320.41,-0.006254139,10829.28,0.016342332,2739.35,0.03822641,,#DIV/0!
7/31/99,1328.72,-0.032046099,10655.15,-0.028772716,2638.49,-0.017731896,,#DIV/0!
6/30/99,1372.71,0.054438333,10970.81,0.038927058,2686.12,0.087269077,,#DIV/0!
5/31/99,1301.84,-0.024970416,10559.75,-0.021252123,2470.52,-0.028444462,,#DIV/0!
4/30/99,1335.18,0.037943982,10789.04,0.10247942,2542.85,0.033090924,,#DIV/0!
3/31/99,1286.37,0.038794182,9786.16,0.051532412,2461.4,0.075772608,,#DIV/0!
2/28/99,1238.33,-0.032282517,9306.57,-0.005582969,2288.03,-0.086939171,,#DIV/0!
1/31/99,1279.64,0.041009412,9358.82,0.01932052,2505.89,0.142838249,,#DIV/0!
12/31/98,1229.23,0.056375308,9181.43,0.007116727,2192.69,0.124721729,,#DIV/0!
11/30/98,1163.63,0.059126034,9116.55,0.061037394,1949.54,0.100570738,,#DIV/0!
10/31/98,1098.67,0.080294196,8592.11,0.095566278,1771.39,0.045783545,,#DIV/0!
9/30/98,1017.01,0.062395537,7842.62,0.040264967,1693.84,0.129791562,,#DIV/0!
8/31/98,957.28,-0.145796711,7539.06,-0.151321188,1499.25,-0.199285405,,#DIV/0!
7/31/98,1120.67,-0.011615395,8883.29,-0.007676488,1872.39,-0.011795814,,#DIV/0!
6/30/98,1133.84,0.039438221,8952.01,0.005849471,1894.74,0.065136857,,#DIV/0!
5/31/98,1090.82,-0.018826175,8899.95,-0.018029737,1778.87,-0.0479231,,#DIV/0!
4/30/98,1111.75,0.009076469,9063.36,0.029950681,1868.41,0.017829905,,#DIV/0!
3/31/98,1101.75,0.04994568,8799.8,0.029733047,1835.68,0.036808603,,#DIV/0!
2/28/98,1049.34,0.070449259,8545.71,0.080846139,1770.51,0.093339344,,#DIV/0!
1/31/98,980.28,0.01015014,7906.5,-0.000220024,1619.36,0.031209603,,#DIV/0!
12/31/97,970.43,0.015731631,7908.24,0.010880569,1570.35,-0.018868514,,#DIV/0!
11/30/97,955.4,0.044586823,7823.12,0.05120074,1600.55,0.004354892,,#DIV/0!
10/31/97,914.62,-0.034477662,7442.08,-0.063329662,1593.61,-0.054624516,,#DIV/0!
9/30/97,947.28,0.053153524,7945.25,0.042352691,1685.69,0.061972381,,#DIV/0!
8/31/97,899.47,-0.05744585,7622.42,-0.072992639,1587.32,-0.004072004,,#DIV/0!
7/31/97,954.29,0.078123235,8222.61,0.071658419,1593.81,0.105223741,,#DIV/0!
6/30/97,885.14,0.043452634,7672.79,0.046616851,1442.07,0.029814614,,#DIV/0!
5/31/97,848.28,0.058576884,7331.04,0.045948132,1400.32,0.110695136,,#DIV/0!
4/30/97,801.34,0.058405537,7008.99,0.064634608,1260.76,0.031971843,,#DIV/0!
3/31/97,757.12,-0.042613996,6583.47,-0.042784465,1221.7,-0.066692131,,#DIV/0!
2/28/97,790.82,0.005927547,6877.73,0.0094891,1309,-0.051346161,,#DIV/0!
1/31/97,786.16,0.061317061,6813.08,0.056576503,1379.85,0.068797782,,#DIV/0!
12/31/96,740.74,-0.021505376,6448.26,-0.011260868,1291.03,-0.001222333,,#DIV/0!
11/30/96,757.02,0.073376154,6521.7,0.081653503,1292.61,0.058206646,,#DIV/0!
10/31/96,705.27,0.026130858,6029.38,0.025028221,1221.51,-0.004401301,,#DIV/0!
9/30/96,687.31,0.05417261,5882.16,0.047355863,1226.91,0.074822602,,#DIV/0!
8/31/96,651.99,0.01881397,5616.2,0.015787922,1141.5,0.056357579,,#DIV/0!
7/31/96,639.95,-0.045748028,5528.91,-0.022231379,1080.6,-0.088116656,,#DIV/0!
6/30/96,670.63,0.002256695,5654.62,0.002029001,1185.02,-0.046982564,,#DIV/0!
5/31/96,669.12,0.022853387,5643.17,0.013305633,1243.44,0.044451164,,#DIV/0!
4/30/96,654.17,0.013431448,5569.07,-0.003234213,1190.52,0.080934827,,#DIV/0!
3/31/96,645.5,0.007916556,5587.14,0.018506568,1101.38,0.001209036,,#DIV/0!
2/29/96,640.43,0.006933744,5485.62,0.016740496,1100.05,0.037988658,,#DIV/0!
1/31/96,636.02,0.032617343,5395.3,0.05436261,1059.79,0.007270896,,#DIV/0!
12/31/95,615.93,0.017443877,5117.12,0.008400844,1052.14,-0.006684164,,#DIV/0!
11/30/95,605.37,0.041049011,5074.49,0.067082608,1059.22,0.022353918,,#DIV/0!
10/31/95,581.5,-0.004979381,4755.48,-0.007015961,1036.06,-0.007167909,,#DIV/0!
9/30/95,584.41,0.04009753,4789.08,0.038719808,1043.54,0.022968111,,#DIV/0!
8/31/95,561.88,-0.000320251,4610.56,-0.020794441,1020.11,0.018877159,,#DIV/0!
7/31/95,562.06,0.031776044,4708.47,0.033445345,1001.21,0.072590926,,#DIV/0!
6/30/95,544.75,0.02127859,4556.09,0.020368902,933.45,0.079657175,,#DIV/0!
5/31/95,533.4,0.03631171,4465.14,0.033293453,864.58,0.024408161,,#DIV/0!
4/30/95,514.71,0.027960296,4321.27,0.039343963,843.98,0.032757798,,#DIV/0!
3/31/95,500.71,0.027329244,4157.69,0.036559006,817.21,0.029568876,,#DIV/0!
2/28/95,487.39,0.036074147,4011.05,0.043495341,793.74,0.051032839,,#DIV/0!
1/31/95,470.42,0.024277658,3843.86,0.002456682,755.2,0.00430874,,#DIV/0!
12/31/94,459.27,0.012299147,3834.44,0.025465204,751.96,0.002185734,,#DIV/0!
11/30/94,453.69,-0.039504605,3739.22,-0.043217711,750.32,-0.034945787,,#DIV/0!
10/31/94,472.35,0.02087791,3908.12,0.016897465,777.49,0.017270931,,#DIV/0!
9/30/94,462.69,-0.026919599,3843.18,-0.017948495,764.29,-0.001737154,,#DIV/0!
8/31/94,475.49,0.037598743,3913.42,0.039559038,765.62,0.060180569,,#DIV/0!
7/31/94,458.26,0.03148986,3764.5,0.038494218,722.16,0.022947476,,#DIV/0!
6/30/94,444.27,-0.0267908,3624.96,-0.035496771,705.96,-0.03975843,,#DIV/0!
5/31/94,456.5,0.012397152,3758.37,0.020827392,735.19,0.001839638,,#DIV/0!
4/30/94,450.91,0.01153061,3681.69,0.012577146,733.84,-0.012939499,,#DIV/0!
3/31/94,445.77,-0.045746457,3635.96,-0.051163616,743.46,-0.061880126,,#DIV/0!
2/28/94,467.14,-0.030045057,3832.02,-0.036784001,792.5,-0.00995665,,#DIV/0!
1/31/94,481.61,0.032500804,3978.36,0.059740177,800.47,0.030471164,,#DIV/0!
12/31/93,466.45,0.010091167,3754.09,0.019039346,776.8,0.029692471,,#DIV/0!
11/30/93,461.79,-0.012910673,3683.95,0.000912897,754.4,-0.031902061,,#DIV/0!
10/31/93,467.83,0.019392936,3680.59,0.035292761,779.26,0.021605181,,#DIV/0!
9/30/93,458.93,-0.00998792,3555.12,-0.02632797,762.78,0.026842927,,#DIV/0!
8/31/93,463.56,0.034431973,3651.25,0.031580999,742.84,0.054122322,,#DIV/0!
7/31/93,448.13,-0.005327059,3539.47,0.006652295,704.7,0.001065417,,#DIV/0!
6/30/93,450.53,0.000755237,3516.08,-0.00321764,703.95,0.004882018,,#DIV/0!
5/31/93,450.19,0.022717463,3527.43,0.029140348,700.53,0.059130356,,#DIV/0!
4/30/93,440.19,-0.025416787,3427.55,-0.002200803,661.42,-0.041600858,,#DIV/0!
3/31/93,451.67,0.01869728,3435.11,0.019075534,690.13,0.028862352,,#DIV/0!
2/28/93,443.38,0.010483614,3370.81,0.018362371,670.77,-0.036720568,,#DIV/0!
1/31/93,438.78,0.007045971,3310.03,0.002702121,696.34,0.028643179,,#DIV/0!
12/31/92,435.71,0.010107801,3301.11,-0.001225357,676.95,0.037105695,,#DIV/0!
11/30/92,431.35,0.030261775,3305.16,0.024449211,652.73,0.078589487,,#DIV/0!
10/31/92,418.68,0.002106271,3226.28,-0.013870634,605.17,0.037546934,,#DIV/0!
9/30/92,417.8,0.00910562,3271.66,0.004393142,583.27,0.035782782,,#DIV/0!
8/31/92,414.03,-0.023997548,3257.35,-0.040200013,563.12,-0.030490849,,#DIV/0!
7/31/92,424.21,0.039373744,3393.78,0.022678785,580.83,0.030571327,,#DIV/0!
6/30/92,408.14,-0.017358854,3318.52,-0.023068227,563.6,-0.037091456,,#DIV/0!
5/31/92,415.35,0.000963972,3396.88,0.011241039,585.31,0.011457109,,#DIV/0!
4/30/92,414.95,0.02789269,3359.12,0.038217013,578.68,-0.041555559,,#DIV/0!
3/31/92,403.69,-0.021831839,3235.47,-0.009854116,603.77,-0.04688462,,#DIV/0!
2/29/92,412.7,0.009564813,3267.67,0.01373709,633.47,0.021379855,,#DIV/0!
1/31/92,408.79,-0.019899782,3223.39,0.017217711,620.21,0.057765119,,#DIV/0!
12/31/91,417.09,0.111587868,3168.83,0.094708223,586.34,0.11918305,,#DIV/0!
11/30/91,375.22,-0.043928044,2894.68,-0.056830993,523.9,-0.035139416,,#DIV/0!
10/31/91,392.46,0.011859949,3069.1,0.017346367,542.98,0.030557243,,#DIV/0!
9/30/91,387.86,-0.019143717,3016.77,-0.008815219,526.88,0.002282758,,#DIV/0!
8/31/91,395.43,0.019648797,3043.6,0.006208634,525.68,0.047087881,,#DIV/0!
7/31/91,387.81,0.04485936,3024.82,0.040619248,502.04,0.054883174,,#DIV/0!
6/30/91,371.16,-0.047892671,2906.75,-0.039884393,475.92,-0.059651064,,#DIV/0!
5/31/91,389.83,0.038577328,3027.5,0.048350514,506.11,0.044128569,,#DIV/0!
4/30/91,375.35,0.000346463,2887.87,-0.00891944,484.72,0.005017624,,#DIV/0!
3/31/91,375.22,0.02220285,2913.86,0.01099168,482.3,0.06456241,,#DIV/0!
2/28/91,367.07,0.067281133,2882.18,0.053278224,453.05,0.093795268,,#DIV/0!
1/31/91,343.93,0.041517776,2736.39,0.039006554,414.2,0.107960625,,#DIV/0!
12/31/90,330.22,0.024827757,2633.66,0.028914109,373.84,0.041163037,,#DIV/0!
11/30/90,322.22,0.059934211,2559.65,0.048036097,359.06,0.088588407,,#DIV/0!
10/31/90,304,-0.006698252,2442.33,-0.004138668,329.84,-0.042582218,,#DIV/0!
9/30/90,306.05,-0.051184276,2452.48,-0.061919552,344.51,-0.096272396,,#DIV/0!
8/31/90,322.56,-0.094314193,2614.36,-0.100110147,381.21,-0.130134173,,#DIV/0!
7/31/90,356.15,-0.005223172,2905.2,0.008508378,438.24,-0.052023622,,#DIV/0!
6/30/90,358.02,-0.008886305,2880.69,0.00140093,462.29,0.007233588,,#DIV/0!
5/31/90,361.23,0.091989117,2876.66,0.082769991,458.97,0.092603614,,#DIV/0!
4/30/90,330.8,-0.026887098,2656.76,-0.018635422,420.07,-0.035519126,,#DIV/0!
3/31/90,339.94,0.024255024,2707.21,0.030434865,435.54,0.022802527,,#DIV/0!
2/28/90,331.89,0.008538957,2627.25,0.014170791,425.83,0.024097545,,#DIV/0!
1/31/90,329.08,-0.068817204,2590.54,-0.059080343,415.81,-0.085770195,,#DIV/0!
12/31/89,353.4,0.021416804,2753.2,0.017341211,454.82,-0.002784538,,#DIV/0!
11/30/89,345.99,0.016541309,2706.27,0.023133516,456.09,0.001009591,,#DIV/0!
10/31/89,340.36,-0.025175426,2645.08,-0.017728626,455.63,-0.036560095,,#DIV/0!
9/30/89,349.15,-0.006544316,2692.82,-0.016238807,472.92,0.007649202,,#DIV/0!
8/31/89,351.45,0.015516644,2737.27,0.028793608,469.33,0.034130971,,#DIV/0!
7/31/89,346.08,0.088370338,2660.66,0.090407613,453.84,0.042615268,,#DIV/0!
6/30/89,317.98,-0.007924622,2440.06,-0.016164345,435.29,-0.024385324,,#DIV/0!
5/31/89,320.52,0.035137579,2480.15,0.025363817,446.17,0.043550462,,#DIV/0!
4/30/89,309.64,0.05008987,2418.8,0.05457748,427.55,0.051188749,,#DIV/0!
3/31/89,294.87,0.020805927,2293.62,0.015599609,406.73,0.017562733,,#DIV/0!
2/28/89,288.86,-0.028944095,2258.39,-0.035831996,399.71,-0.003962123,,#DIV/0!
1/31/89,297.47,0.071114792,2342.32,0.080121924,401.3,0.05223137,,#DIV/0!
12/31/88,277.72,0.014687614,2168.57,0.025566207,381.38,0.026733073,,#DIV/0!
11/30/88,273.7,-0.01889092,2114.51,-0.015889047,371.45,-0.028787324,,#DIV/0!
10/31/88,278.97,0.025964474,2148.65,0.01691506,382.46,-0.013541049,,#DIV/0!
9/30/88,271.91,0.039729275,2112.91,0.039997047,387.71,0.029637498,,#DIV/0!
8/31/88,261.52,-0.038600103,2031.65,-0.045604656,376.55,-0.027831565,,#DIV/0!
7/31/88,272.02,-0.005411335,2128.73,-0.006060578,387.33,-0.018572949,,#DIV/0!
6/30/88,273.5,0.043256027,2141.71,0.054447792,394.66,0.065669385,,#DIV/0!
5/31/88,262.16,0.003176061,2031.12,-0.000595376,370.34,-0.023467989,,#DIV/0!
4/30/88,261.33,0.009424852,2032.33,0.02226794,379.24,0.012278454,,#DIV/0!
3/31/88,258.89,-0.03334329,1988.06,-0.040335583,374.64,0.020956534,,#DIV/0!
2/29/88,267.82,0.041817404,2071.62,0.057909734,366.95,0.064672431,,#DIV/0!
1/31/88,257.07,0.040432249,1958.22,0.010000877,344.66,0.042938845,,#DIV/0!
12/31/87,247.08,0.072861485,1938.83,0.057418669,330.47,0.082940097,,#DIV/0!
11/30/87,230.3,-0.085348902,1833.55,-0.080249607,305.16,-0.056108877,,#DIV/0!
10/31/87,251.79,-0.217630426,1993.53,-0.232159089,323.3,-0.272322132,,#DIV/0!
9/30/87,321.83,-0.024166161,2596.28,-0.025036144,444.29,-0.023474075,,#DIV/0!
8/31/87,329.8,0.03495889,2662.95,0.035333408,454.97,0.04607638,,#DIV/0!
7/31/87,318.66,0.048223684,2572.07,0.063484844,434.93,0.024159936,,#DIV/0!
6/30/87,304,0.047914512,2418.53,0.055403064,424.67,0.019517933,,#DIV/0!
5/31/87,290.1,0.006034124,2291.57,0.002278731,416.54,-0.003039659,,#DIV/0!
4/30/87,288.36,-0.01145012,2286.36,-0.007953347,417.81,-0.028461807,,#DIV/0!
3/31/87,291.7,0.026389866,2304.69,0.036286134,430.05,0.011953785,,#DIV/0!
2/28/87,284.2,0.036923526,2223.99,0.030560138,424.97,0.083941233,,#DIV/0!
1/31/87,274.08,0.131766941,2158.04,0.138236768,392.06,0.123928561,,#DIV/0!
12/31/86,242.17,-0.028288259,1895.95,-0.009549532,348.83,-0.02986901,,#DIV/0!
11/30/86,249.22,0.02147717,1914.23,0.019394933,359.57,-0.003326219,,#DIV/0!
10/31/86,243.98,0.054729379,1877.81,0.0623621,360.77,0.028802008,,#DIV/0!
9/30/86,231.32,-0.085438659,1767.58,-0.068881233,350.67,-0.084077731,,#DIV/0!
8/31/86,252.93,0.071192614,1898.34,0.069300573,382.86,0.030939494,,#DIV/0!
7/31/86,236.12,-0.058682826,1775.31,-0.062032419,371.37,-0.084190279,,#DIV/0!
6/30/86,250.84,0.014109561,1892.72,0.008530886,405.51,0.013369652,,#DIV/0!
5/31/86,247.35,0.05022928,1876.71,0.051979282,400.16,0.04414988,,#DIV/0!
4/30/86,235.52,-0.014148179,1783.98,-0.019042016,383.24,0.022736977,,#DIV/0!
3/31/86,238.9,0.052793936,1818.61,0.064099564,374.72,0.042249604,,#DIV/0!
2/28/86,226.92,0.071489281,1709.06,0.087887256,359.53,0.070762724,,#DIV/0!
1/31/86,211.78,0.002366528,1570.99,0.015724104,335.77,0.032439579,,#DIV/0!
12/31/85,211.28,0.045061087,1546.67,0.050634115,325.22,0.035897436,,#DIV/0!
11/30/85,202.17,0.065061637,1472.13,0.071177536,313.95,0.073186573,,#DIV/0!
10/31/85,189.82,0.042508787,1374.31,0.03438128,292.54,0.043555809,,#DIV/0!
9/30/85,182.08,-0.034724063,1328.63,-0.004032953,280.33,-0.058378959,,#DIV/0!
8/31/85,188.63,-0.011994553,1334.01,-0.009974396,297.71,-0.01188224,,#DIV/0!
7/31/85,190.92,-0.004847537,1347.45,0.00897818,301.29,0.017184335,,#DIV/0!
6/30/85,191.85,0.012134002,1335.46,0.015242396,296.2,0.018569464,,#DIV/0!
5/31/85,189.55,0.054051048,1315.41,0.045586061,290.8,0.036498432,,#DIV/0!
4/30/85,179.83,-0.004594265,1258.06,-0.006883595,280.56,0.00487106,,#DIV/0!
3/31/85,180.66,-0.002870074,1266.78,-0.013418899,279.2,-0.017489531,,#DIV/0!
2/28/85,181.18,0.008628848,1284.01,-0.002144905,284.17,0.019626839,,#DIV/0!
1/31/85,179.63,0.074085147,1286.77,0.062068226,278.7,0.126743481,,#DIV/0!
12/31/84,167.24,0.022374373,1211.57,0.019033761,247.35,0.01987383,,#DIV/0!
11/30/84,163.58,-0.015112289,1188.94,-0.015272739,242.53,-0.018216411,,#DIV/0!
10/31/84,166.09,-6.02047E-05,1207.38,0.000555229,247.03,-0.011642794,,#DIV/0!
9/30/84,166.1,-0.003479722,1206.71,-0.014431794,249.94,-0.01845743,,#DIV/0!
8/31/84,166.68,0.106332139,1224.38,0.097822968,254.64,0.108576404,,#DIV/0!
7/31/84,150.66,-0.016451234,1115.28,-0.015118333,229.7,-0.041518882,,#DIV/0!
6/30/84,153.18,0.017469279,1132.4,0.024935512,239.65,0.029335968,,#DIV/0!
5/31/84,150.55,-0.059356451,1104.85,-0.056288704,232.82,-0.059085031,,#DIV/0!
4/30/84,160.05,0.005465511,1170.75,0.005030518,247.44,-0.013318446,,#DIV/0!
3/31/84,159.18,0.013498026,1164.89,0.008885963,250.78,-0.007087144,,#DIV/0!
2/29/84,157.06,-0.038859311,1154.63,-0.05403169,252.57,-0.059084305,,#DIV/0!
1/31/84,163.41,-0.009216031,1220.58,-0.030238988,268.43,-0.036503948,,#DIV/0!
12/31/83,164.93,-0.008834135,1258.64,-0.013620476,278.6,-0.024748836,,#DIV/0!
11/30/83,166.4,0.017425864,1276.02,0.041478942,285.67,0.040502641,,#DIV/0!
10/31/83,163.55,-0.015174324,1225.2,-0.00643079,274.55,-0.074498567,,#DIV/0!
9/30/83,166.07,0.010158151,1233.13,0.013953756,296.65,0.014465495,,#DIV/0!
8/31/83,164.4,0.011318898,1216.16,0.014125848,292.42,-0.037965522,,#DIV/0!
7/31/83,162.56,-0.033014098,1199.22,-0.018609447,303.96,-0.046250392,,#DIV/0!
6/30/83,168.11,0.035223844,1221.96,0.018316972,318.7,0.03229359,,#DIV/0!
5/31/83,162.39,-0.01234643,1199.98,-0.021383135,308.73,0.053470279,,#DIV/0!
4/30/83,164.42,0.074921548,1226.2,0.085103935,293.06,0.082200886,,#DIV/0!
3/31/83,152.96,0.033094691,1130.03,0.01564775,270.8,0.038861396,,#DIV/0!
2/28/83,148.06,0.018995182,1112.62,0.034321837,260.67,0.049607409,,#DIV/0!
1/31/83,145.3,0.033134243,1075.7,0.027863245,248.35,0.068585689,,#DIV/0!
12/31/82,140.64,0.015158077,1046.54,0.006985605,232.41,0.000430459,,#DIV/0!
11/30/82,138.54,0.036122953,1039.28,0.047957085,232.31,0.092555143,,#DIV/0!
10/31/82,133.71,0.110363727,991.72,0.106521618,212.63,0.133120171,,#DIV/0!
9/30/82,120.42,0.007614426,896.25,-0.005614051,187.65,0.055933825,,#DIV/0!
8/31/82,119.51,0.115977215,901.31,0.114654959,177.71,0.061906185,,#DIV/0!
7/31/82,107.09,-0.022990603,808.6,-0.004101339,167.35,-0.023058961,,#DIV/0!
6/30/82,109.61,-0.020289596,811.93,-0.009285697,171.3,-0.040551137,,#DIV/0!
5/31/82,111.88,-0.0391618,819.54,-0.033971427,178.54,-0.033351381,,#DIV/0!
4/30/82,116.44,0.040014291,848.36,0.031102252,184.7,0.051522915,,#DIV/0!
3/31/82,111.96,-0.010167094,822.77,-0.001965089,175.65,-0.021066711,,#DIV/0!
2/28/82,113.11,-0.060548173,824.39,-0.053621857,179.43,-0.047560911,,#DIV/0!
1/31/82,120.4,-0.01754386,871.1,-0.004457143,188.39,-0.038041258,,#DIV/0!
12/31/81,122.55,-0.030075188,875,-0.015725888,195.84,-0.027461886,,#DIV/0!
11/30/81,126.35,0.036590368,888.98,0.042730632,201.37,0.031397255,,#DIV/0!
10/31/81,121.89,0.049147874,852.55,0.003023601,195.24,0.084485919,,#DIV/0!
9/30/81,116.18,-0.053831745,849.98,-0.035724415,180.03,-0.080306513,,#DIV/0!
8/31/81,122.79,-0.062098992,881.47,-0.0744167,195.75,-0.075036621,,#DIV/0!
7/31/81,130.92,-0.002210197,952.34,-0.025120793,211.63,-0.019096176,,#DIV/0!
6/30/81,131.21,-0.010408025,976.88,-0.014993698,215.75,-0.034546024,,#DIV/0!
5/31/81,132.59,-0.001656502,991.75,-0.00601353,223.47,0.031051029,,#DIV/0!
4/30/81,132.81,-0.023455882,997.75,-0.006096407,216.74,0.031211343,,#DIV/0!
3/31/81,136,0.036032605,1003.87,0.030053972,210.18,0.061461542,,#DIV/0!
2/28/81,131.27,0.013276727,974.58,0.028830217,198.01,0.001011071,,#DIV/0!
1/31/81,129.55,-0.045742487,947.27,-0.017344578,197.81,-0.02238806,,#DIV/0!
12/31/80,135.76,-0.033874182,963.99,-0.029546782,202.34,-0.027912563,,#DIV/0!
11/30/80,140.52,0.10237703,993.34,0.074473493,208.15,0.079728188,,#DIV/0!
10/31/80,127.47,0.016021043,924.49,-0.008504751,192.78,0.026736259,,#DIV/0!
9/30/80,125.46,0.025167511,932.42,-0.000182288,187.76,0.034376377,,#DIV/0!
8/31/80,122.38,0.005835457,932.59,-0.002918787,181.52,0.056515919,,#DIV/0!
7/31/80,121.67,0.065038515,935.32,0.077656927,171.81,0.088921283,,#DIV/0!
6/30/80,114.24,0.026968716,867.92,0.020062291,157.78,0.048720505,,#DIV/0!
5/31/80,111.24,0.046570703,850.85,0.041355592,150.45,0.074719623,,#DIV/0!
4/30/80,106.29,0.04114017,817.06,0.03984728,139.99,0.068625954,,#DIV/0!
3/31/80,102.09,-0.101794827,785.75,-0.089661005,131,-0.171043473,,#DIV/0!
2/29/80,113.66,-0.004379818,863.14,-0.014511617,158.03,-0.022998454,,#DIV/0!
1/31/80,114.16,0.057624606,875.85,0.044244939,161.75,0.070199815,,#DIV/0!
12/31/79,107.94,0.016767144,838.74,0.019930686,151.14,0.047691668,,#DIV/0!
11/30/79,106.16,0.042624239,822.35,0.008152507,144.26,0.064413783,,#DIV/0!
10/31/79,101.82,-0.068605928,815.7,-0.071570033,135.53,-0.096346179,,#DIV/0!
9/30/79,109.32,0,878.58,-0.01019569,149.98,-0.003057697,,#DIV/0!
8/31/79,109.32,0.053077738,887.63,0.048687413,150.44,0.064459067,,#DIV/0!
7/31/79,103.81,0.008745506,846.42,0.005273284,141.33,0.023166582,,#DIV/0!
6/30/79,102.91,0.038655632,841.98,0.023895516,138.13,0.051057678,,#DIV/0!
5/31/79,99.08,-0.026336478,822.33,-0.038098023,131.42,-0.017934539,,#DIV/0!
4/30/79,101.76,0.001673393,854.9,-0.008443712,133.82,0.015634487,,#DIV/0!
3/31/79,101.59,0.055151641,862.18,0.065972652,131.76,0.075065274,,#DIV/0!
2/28/79,96.28,-0.036525568,808.82,-0.036224113,122.56,-0.02591003,,#DIV/0!
1/31/79,99.93,0.039746124,839.22,0.042496367,125.82,0.066451941,,#DIV/0!
12/31/78,96.11,0.014889124,805.01,0.007484074,117.98,0.028686023,,#DIV/0!
11/30/78,94.7,0.016639828,799.03,0.008303363,114.69,0.03212743,,#DIV/0!
10/31/78,93.15,-0.09157402,792.45,-0.084740477,111.12,-0.163819701,,#DIV/0!
9/30/78,102.54,-0.007261109,865.82,-0.012545334,132.89,-0.015702541,,#DIV/0!
8/31/78,103.29,0.025923719,876.82,0.016874065,135.01,0.06879354,,#DIV/0!
7/31/78,100.68,0.053909767,862.27,0.052897002,126.32,0.050041563,,#DIV/0!
6/30/78,95.53,-0.018090246,818.95,-0.025767003,120.3,0.000499002,,#DIV/0!
5/31/78,97.29,0.004750594,840.61,0.003929203,120.24,0.043931238,,#DIV/0!
4/30/78,96.83,0.085416433,837.32,0.105577268,115.18,0.084557439,,#DIV/0!
3/31/78,89.21,0.024931066,757.36,0.020535762,106.2,0.046614763,,#DIV/0!
2/28/78,87.04,-0.024761905,742.12,-0.036107648,101.47,0.006247521,,#DIV/0!
1/31/78,89.25,-0.061514196,769.92,-0.073691303,100.84,-0.040076154,,#DIV/0!
12/31/77,95.1,0.0028472,831.17,0.001771725,105.05,0.018419777,,#DIV/0!
11/30/77,94.83,0.026965562,829.7,0.013869371,103.15,0.057731747,,#DIV/0!
10/31/77,92.34,-0.043406195,818.35,-0.033950727,97.52,-0.033019336,,#DIV/0!
9/30/77,96.53,-0.002480107,847.11,-0.01669201,100.85,0.007492507,,#DIV/0!
8/31/77,96.77,-0.021041983,861.49,-0.032109834,100.1,-0.005464481,,#DIV/0!
7/31/77,98.85,-0.016222134,890.07,-0.028625996,100.65,0.009224907,,#DIV/0!
6/30/77,100.48,0.045359967,916.3,0.019629226,99.73,0.04330997,,#DIV/0!
5/31/77,96.12,-0.023567655,898.66,-0.030467149,95.59,0.001152074,,#DIV/0!
4/30/77,98.44,0.000203211,926.9,0.008453646,95.48,0.014341868,,#DIV/0!
3/31/77,98.42,-0.014025245,919.13,-0.018463937,94.13,-0.004652638,,#DIV/0!
2/28/77,99.82,-0.021660296,936.42,-0.018808219,94.57,-0.010152816,,#DIV/0!
1/31/77,102.03,-0.05053043,954.37,-0.05004728,95.54,-0.023906825,,#DIV/0!
12/31/76,107.46,0.052497551,1004.65,0.060630054,97.88,0.074187884,,#DIV/0!
11/30/76,102.1,-0.007774538,947.22,-0.018353663,91.12,0.008522413,,#DIV/0!
10/31/76,102.9,-0.022234892,964.93,-0.025510256,90.35,-0.00997151,,#DIV/0!
9/30/76,105.24,0.022641143,990.19,0.016893627,91.26,0.017391304,,#DIV/0!
8/31/76,102.91,-0.005123743,973.74,-0.011070036,89.7,-0.017417023,,#DIV/0!
7/31/76,103.44,-0.008055236,984.64,-0.018089711,91.29,0.010739593,,#DIV/0!
6/30/76,104.28,0.040926333,1002.78,0.028249746,90.32,0.025897319,,#DIV/0!
5/31/76,100.18,-0.014364423,975.23,-0.021688318,88.04,-0.022646536,,#DIV/0!
4/30/76,101.64,-0.010995427,996.85,-0.002601431,90.08,-0.005958949,,#DIV/0!
3/31/76,102.77,0.030688998,999.45,0.02759585,90.62,0.003988478,,#DIV/0!
2/29/76,99.71,-0.011401943,972.61,-0.002737675,90.26,0.036875359,,#DIV/0!
1/31/76,100.86,0.118305799,975.28,0.14414425,87.05,0.121489307,,#DIV/0!
12/31/75,90.19,-0.01150811,852.41,-0.009597174,77.62,-0.014974619,,#DIV/0!
11/30/75,91.24,0.024707996,860.67,0.029460313,78.8,0.023509547,,#DIV/0!
10/31/75,89.04,0.061643019,836.04,0.053106263,76.99,0.035786358,,#DIV/0!
9/30/75,83.87,-0.034645488,793.88,-0.049632485,74.33,-0.059233008,,#DIV/0!
8/31/75,86.88,-0.021070423,835.34,0.004606078,79.01,-0.050246424,,#DIV/0!
7/31/75,88.75,-0.067654165,831.51,-0.054016542,83.19,-0.044012871,,#DIV/0!
6/30/75,95.19,0.044322545,878.99,0.05611025,87.02,0.047172082,,#DIV/0!
5/31/75,91.15,0.044100802,832.29,0.013331872,83.1,0.058059587,,#DIV/0!
4/30/75,87.3,0.047264875,821.34,0.069244288,78.54,0.038065028,,#DIV/0!
3/31/75,83.36,0.021693835,768.15,0.039374873,75.66,0.036438356,,#DIV/0!
2/28/75,81.59,0.059885685,739.05,0.0502494,73,0.046145027,,#DIV/0!
1/31/75,76.98,0.122812135,703.69,0.141908996,69.78,0.166499498,,#DIV/0!
12/31/74,68.56,-0.020151493,616.24,-0.00391168,59.82,-0.049722002,,#DIV/0!
11/30/74,69.97,-0.053179973,618.66,-0.070411107,62.95,-0.034953242,,#DIV/0!
10/31/74,73.9,0.1630469,665.52,0.094839357,65.23,0.171726244,,#DIV/0!
9/30/74,63.54,-0.119334719,607.87,-0.104202894,55.67,-0.107423441,,#DIV/0!
8/31/74,72.15,-0.090278653,678.58,-0.104102029,62.37,-0.108872696,,#DIV/0!
7/31/74,79.31,-0.077790698,757.43,-0.056056131,69.99,-0.078593997,,#DIV/0!
6/30/74,86,-0.014665445,802.41,0.000299188,75.96,-0.05286783,,#DIV/0!
5/31/74,87.28,-0.033551102,802.17,-0.041326561,80.2,-0.076675109,,#DIV/0!
4/30/74,90.31,-0.039050862,836.75,-0.011728162,86.86,-0.058632275,,#DIV/0!
3/31/74,93.98,-0.023279983,846.68,-0.016094732,92.27,-0.022045575,,#DIV/0!
2/28/74,96.22,-0.003624314,860.53,0.005820817,94.35,-0.006109765,,#DIV/0!
1/31/74,96.57,-0.01004613,855.55,0.00551207,94.93,0.029721228,,#DIV/0!
12/31/73,97.55,0.016569404,850.86,0.03479477,92.19,-0.014116137,,#DIV/0!
11/30/73,95.96,-0.113860929,822.25,-0.140427356,93.51,-0.151220841,,#DIV/0!
10/31/73,108.29,-0.001291156,956.58,0.010009503,110.17,-0.00926259,,#DIV/0!
9/30/73,108.43,0.040095923,947.1,0.067070766,111.2,0.060360446,,#DIV/0!
8/31/73,104.25,-0.036684532,887.57,-0.04191494,104.87,-0.034701767,,#DIV/0!
7/31/73,108.22,0.037981968,926.4,0.038902782,108.64,0.075856605,,#DIV/0!
6/30/73,104.26,-0.006574559,891.71,-0.010760919,100.98,-0.016173032,,#DIV/0!
5/31/73,104.95,-0.018883799,901.41,-0.021727098,102.64,-0.048307835,,#DIV/0!
4/30/73,106.97,-0.040799857,921.43,-0.031103774,107.85,-0.081815086,,#DIV/0!
3/31/73,111.52,-0.001432665,951.01,-0.004250997,117.46,-0.024499626,,#DIV/0!
2/28/73,111.68,-0.037490304,955.07,-0.043993113,120.41,-0.062227414,,#DIV/0!
1/31/73,116.03,-0.017111393,999.02,-0.020587832,128.4,-0.039856427,,#DIV/0!
12/31/72,118.05,0.011828233,1020.02,0.001777629,133.73,0.005791215,,#DIV/0!
11/30/72,116.67,0.045617494,1018.21,0.065608255,132.96,0.020884521,,#DIV/0!
10/31/72,111.58,0.009317051,955.52,0.002360297,130.24,0.004860736,,#DIV/0!
9/30/72,110.55,-0.004860924,953.27,-0.010853662,129.61,-0.002616391,,#DIV/0!
8/31/72,111.09,0.03445386,963.73,0.042163203,129.95,0.017221135,,#DIV/0!
7/31/72,107.39,0.002333396,924.74,-0.00461772,127.75,-0.017912054,,#DIV/0!
6/30/72,107.14,-0.021820506,929.03,-0.032985677,130.08,-0.01848638,,#DIV/0!
5/31/72,109.53,0.017275007,960.72,0.006864605,132.53,0.009137288,,#DIV/0!
4/30/72,107.67,0.004384328,954.17,0.014329907,131.33,0.024894646,,#DIV/0!
3/31/72,107.2,0.005911607,940.69,0.013532587,128.14,0.02201308,,#DIV/0!
2/29/72,106.57,0.025303059,928.13,0.028775065,125.38,0.05476571,,#DIV/0!
1/31/72,103.94,0.018121266,902.17,0.013446417,118.87,0.041622853,,#DIV/0!
12/31/71,102.09,0.086179381,890.2,0.070801357,114.12,0.097624315,,#DIV/0!
11/30/71,93.99,-0.00254696,831.34,-0.009129917,103.97,-0.010751665,,#DIV/0!
10/31/71,94.23,-0.041793777,839,-0.054317564,105.1,-0.036045125,,#DIV/0!
9/30/71,98.34,-0.006967586,887.19,-0.012114869,109.03,0.005626268,,#DIV/0!
8/31/71,99.03,0.036095417,898.07,0.046177324,108.42,0.029923055,,#DIV/0!
7/31/71,95.58,-0.041323972,858.43,-0.036705793,105.27,-0.023469388,,#DIV/0!
6/30/71,99.7,0.0007026,891.14,-0.01835206,107.8,-0.004157044,,#DIV/0!
5/31/71,99.63,-0.041558442,907.8,-0.036049907,108.25,-0.036064114,,#DIV/0!
4/30/71,103.95,0.036287509,941.75,0.04133264,112.3,0.059733887,,#DIV/0!
3/31/71,100.31,0.036795866,904.37,0.029061366,105.97,0.045687784,,#DIV/0!
2/28/71,96.75,0.009073842,878.83,0.01189407,101.34,#DIV/0!,,#DIV/0!
1/31/71,95.88,0.040477482,868.5,0.03525962,,#DIV/0!,,#DIV/0!
12/31/70,92.15,0.056766055,838.92,0.056454558,,#DIV/0!,,#DIV/0!
11/30/70,87.2,0.047447447,794.09,0.050925742,,#DIV/0!,,#DIV/0!
10/31/70,83.25,-0.011400071,755.61,-0.006665089,,#DIV/0!,,#DIV/0!
9/30/70,84.21,0.032998037,760.68,-0.00510084,,#DIV/0!,,#DIV/0!
8/31/70,81.52,0.04445868,764.58,0.041491854,,#DIV/0!,,#DIV/0!
7/31/70,78.05,0.073294829,734.12,0.074012845,,#DIV/0!,,#DIV/0!
6/30/70,72.72,-0.050032658,683.53,-0.024141968,,#DIV/0!,,#DIV/0!
5/31/70,76.55,-0.060966634,700.44,-0.048405722,,#DIV/0!,,#DIV/0!
4/30/70,81.52,-0.090483097,736.07,-0.063011571,,#DIV/0!,,#DIV/0!
3/31/70,89.63,0.001452514,785.57,0.010262478,,#DIV/0!,,#DIV/0!
2/28/70,89.5,0.052693484,777.59,0.04506357,,#DIV/0!,,#DIV/0!
1/31/70,85.02,-0.076471866,744.06,-0.070343345,,#DIV/0!,,#DIV/0!
12/31/69,92.06,-0.018654728,800.36,-0.014699003,,#DIV/0!,,#DIV/0!
11/30/69,93.81,-0.03527355,812.3,-0.051040316,,#DIV/0!,,#DIV/0!
10/31/69,97.24,0.044243986,855.99,0.052761687,,#DIV/0!,,#DIV/0!
9/30/69,93.12,-0.025023558,813.09,-0.028241228,,#DIV/0!,,#DIV/0!
8/31/69,95.51,0.04007405,836.72,0.026058592,,#DIV/0!,,#DIV/0!
7/31/69,91.83,#DIV/0!,815.47,#DIV/0!,,#DIV/0!,,#DIV/0!